id,title,brand,price,description,category,source
MIX-001,Apple iPhone 15 (128 GB) - Blue,Apple,799.00,"Dynamic Island 48MP main camera with 2x telephoto A16 Bionic chip durable color-infused glass and aluminum design",Smartphones,amazon
MIX-002,apple iphone 15 128gb blue with fast charger combo pack,apple,819.00,"Official Apple smartphone 128GB Blue bundle including genuine 20W USB-C power adapter wall charger",Smartphones,flipkart
MIX-003,Apple iPhone 15 - 128GB - Blue (Unlocked),APPLE,779.99,"Brand new factory unlocked iPhone 15 128GB in Blue with Super Retina XDR OLED display",Smartphones,ebay
MIX-004,Samsung Galaxy S23 FE 5G (Mint 128GB Storage),Samsung,599.99,"Dynamic AMOLED 2X 120Hz display pro-grade 50MP camera Snapdragon 8 Gen 1 long-lasting 4500mAh battery",Smartphones,amazon
MIX-005,samsung galaxy s23 fe 5g 128 gb mint green,samsung,589.00,"Galaxy S23 Fan Edition smartphone with triple rear camera setup 8GB RAM 128GB internal storage",Smartphones,flipkart
MIX-006,Samsung Galaxy S23 FE 128GB Mint - Unlocked Bundle with Case,SAMSUNG,609.99,"Samsung S23 FE smartphone mint color bundled with protective clear case and tempered glass protector",Smartphones,walmart
MIX-007,Sony PlayStation 5 Console (Slim Edition),Sony,499.99,"Experience lightning-fast loading with an ultra-high speed SSD deeper immersion with haptic feedback and 3D Audio",Gaming,amazon
MIX-008,SONY PS5 PlayStation 5 Slim Disc Edition Console,SONY,495.00,"Next-gen gaming system with 1TB custom SSD 4K 120fps gaming ray tracing and DualSense wireless controller",Gaming,flipkart
MIX-009,Sony PlayStation 5 Slim 1TB Gaming Console with Extra DualSense Controller,Sony,549.99,"Special bundle package including PS5 slim console and an extra official wireless DualSense controller",Gaming,walmart
MIX-010,Nintendo Switch - OLED Model with White Joy-Con,Nintendo,349.99,"7-inch OLED screen wide adjustable stand dock with wired LAN port 64GB internal storage and enhanced audio",Gaming,amazon
MIX-011,Nintendo Switch OLED Model White Joy Con Console,NINTENDO,339.00,"Vibrant 7-inch OLED display hybrid gaming system for TV tabletop and handheld modes with white controllers",Gaming,flipkart
MIX-012,Logitech MX Master 3S Wireless Performance Mouse (Pale Grey),Logitech,99.99,"Quiet Clicks 8000 DPI track on glass sensor ergonomic design MagSpeed electromagnetic scroll wheel",Accessories,amazon
MIX-013,LOGITECH MX MASTER 3S BLUETOOTH MOUSE PALE GREY,LOGITECH,95.00,"Rechargeable ergonomic laser mouse with multi-device flow cross computer control and quiet click buttons",Accessories,flipkart
MIX-014,Logitech MX Keys S Advanced Wireless Illuminated Keyboard - Graphite,Logitech,109.99,"Smarter illumination with proximity sensors Perfect Stroke typing customizable Smart Actions and USB-C",Accessories,amazon
MIX-015,Logitech MX Keys S Wireless Keyboard Graphite,Logitech,104.90,"Low profile fluid mechanical typing feel multi-OS Bluetooth keyboard with ambient backlighting",Accessories,flipkart
MIX-016,Dyson Supersonic Hair Dryer - Iron/Fuchsia,Dyson,429.99,"Fast drying with no extreme heat engineered for different hair types with intelligent heat control and 5 styling attachments",Personal Care,amazon
MIX-017,DYSON Supersonic Hair Dryer Iron Fuchsia with Travel Case,DYSON,449.00,"Ionic hair dryer styling system with magnetic attachments including flyaway nozzle and heat resistant storage pouch",Personal Care,target
MIX-018,Dyson Supersonic Hair Dryer (Iron & Fuchsia),Dyson,399.00,"Authentic Dyson Supersonic high velocity airflow hair dryer with gentle air attachment and diffuser",Personal Care,ebay
MIX-019,Sony WH-1000XM4 Wireless Premium Noise Canceling Headphones - Silver,Sony,348.00,"Dual Noise Sensor technology speak-to-chat 30-hour battery life wearing detection touch sensor controls",Headphones,amazon
MIX-020,SONY WH-1000XM4 Noise Cancelling Headphones Silver,SONY,339.00,"Industry standard over-ear wireless Bluetooth headphones with LDAC high resolution audio and Alexa built-in",Headphones,flipkart
MIX-021,Sony WH-1000XM4 Wireless Headphones - Silver (Renewed),Sony,279.99,"Refurbished Sony WH-1000XM4 wireless noise cancelling headphones tested and verified in silver",Headphones,ebay
MIX-022,LG C3 Series 55-Inch Class OLED evo 4K Smart TV (OLED55C3PUA),LG,1296.99,"a9 AI Processor Gen6 self-lit OLED pixels 120Hz refresh rate Dolby Vision and Atmos Brightness Booster",Televisions,amazon
MIX-023,LG 55 Inch 4K OLED Evo Smart TV OLED55C3PUA 2023,LG,1289.00,"Premium 55 inch OLED TV with infinite contrast perfect black levels webOS smart platform and 4 HDMI 2.1 ports",Televisions,flipkart
MIX-024,LG OLED evo C3 55\" 4K HDR Smart TV with Wall Mount Combo,LG,1329.00,"55-inch OLED evo C3 TV bundle including full-motion slim articulating wall mount bracket and HDMI cable",Televisions,walmart
MIX-025,Samsung 55-Inch Class OLED 4K S90C Series Smart TV (QN55S90CAFXZA),Samsung,1497.99,"Neural Quantum Processor with 4K upscaling Quantum HDR OLED LaserSlim design with Object Tracking Sound Lite",Televisions,amazon
MIX-026,Samsung 55 Inch OLED 4K Smart TV S90C (QN55S90C),Samsung,1480.00,"Stunning OLED display with Pantone validated color fidelity Motion Xcelerator Turbo Pro 144Hz gaming support",Televisions,flipkart
MIX-027,Instant Pot Duo Plus 9-in-1 Electric Pressure Cooker 6 Quart,Instant Pot,129.95,"9-in-1 functions including sous vide sterilizer cake maker egg cooker slow cooker with EasySeal lid",Kitchen Appliances,amazon
MIX-028,Instant Pot Duo Plus 6 Qt 9-in-1 Programmable Multi Cooker,Instant Pot,119.99,"Stainless steel 6-quart programmable pressure cooker with blue LCD status display and 15 one-touch presets",Kitchen Appliances,flipkart
MIX-029,KitchenAid Artisan Series 5-Quart Tilt-Head Stand Mixer (Empire Red),KitchenAid,449.99,"10 speeds for nearly any task or recipe 5 quart stainless steel bowl with comfortable handle tilt-back head",Kitchen Appliances,amazon
MIX-030,KitchenAid 5 Qt Artisan Series Tilt-Head Stand Mixer Empire Red,KitchenAid,439.00,"Iconic planetary mixing action stand mixer includes coated flat beater dough hook and 6-wire whip",Kitchen Appliances,flipkart
MIX-031,KitchenAid Artisan 5-Quart Stand Mixer - Empire Red with Pouring Shield,KitchenAid,459.00,"Classic 5qt stand mixer package with non-stick attachments and transparent dual-purpose pouring chute shield",Kitchen Appliances,target
MIX-032,Apple Watch Series 9 GPS 41mm Midnight Aluminum with Midnight Sport Band,Apple,399.00,"S9 SiP with Double Tap gesture brighter display precision finding for iPhone and advanced health sensors",Smartwatches,amazon
MIX-033,apple watch series 9 gps 41 mm midnight aluminum case,apple,389.00,"Latest smartwatch featuring blood oxygen ECG monitoring cycle tracking and crash detection safety tools",Smartwatches,flipkart
MIX-034,Apple Watch Series 9 41mm Midnight GPS Unlocked,APPLE,375.00,"Factory fresh Apple Watch Series 9 41mm Midnight Aluminum case with adjustable sport wristband",Smartwatches,ebay
MIX-035,Samsung Galaxy Watch6 40mm Bluetooth Smartwatch (Graphite),Samsung,299.99,"Advanced sleep coaching ECG heart monitoring personalized HR zones sapphire crystal glass display",Smartwatches,amazon
MIX-036,Samsung Galaxy Watch 6 40mm Bluetooth Graphite,Samsung,289.00,"Sleek Android smartwatch with BIA body composition sensor customized workout metrics and bezel navigation",Smartwatches,flipkart
MIX-037,Bose Smart Soundbar 600 with Dolby Atmos and Voice Control,Bose,499.00,"Compact soundbar with upward-firing transducers TrueSpace technology AirPlay 2 and built-in Alexa",Audio,amazon
MIX-038,Bose 600 Smart Soundbar with Dolby Atmos (Black),Bose,485.00,"Wireless home theater soundbar with immersive spatial audio Bluetooth streaming and HDMI eARC connection",Audio,flipkart
MIX-039,JBL Flip 6 Portable Waterproof Bluetooth Speaker - Black,JBL,129.95,"IP67 waterproof and dustproof 2-way speaker system with racetrack woofer separate tweeter and 12hr battery",Audio,amazon
MIX-040,JBL Flip 6 Wireless Bluetooth Speaker (Black),JBL,119.99,"Rugged outdoor portable speaker with PartyBoost stereo pairing rich bass radiators and USB-C protection",Audio,flipkart
MIX-041,JBL Flip 6 Portable Bluetooth Speaker Black Edition with Travel Hardshell,JBL,139.00,"JBL Flip 6 speaker combo pack including shockproof zippered carrying case and braided charging lead",Audio,ebay
MIX-042,De'Longhi Magnifica S Fully Automatic Espresso Machine (ECAM22110B),De'Longhi,549.95,"Compact bean to cup espresso and cappuccino maker with manual frothing wand and 13 grind settings",Kitchen Appliances,amazon
MIX-043,DeLonghi Magnifica S Automatic Coffee and Espresso Maker Black,De'Longhi,529.00,"Integrated burr grinder with custom aroma control dual cup dispenser and removable brewing group",Kitchen Appliances,flipkart
MIX-044,Nespresso VertuoPlus Coffee and Espresso Machine by De'Longhi - Grey,Nespresso,169.00,"Centrifusion technology single-serve brewing for 5 cup sizes motorized brew head with 54oz water tank",Kitchen Appliances,amazon
MIX-045,Nespresso VertuoPlus Deluxe Coffee Maker Grey with Milk Frother,Nespresso,199.99,"Single serve capsule espresso system bundled with Aeroccino3 electric hot and cold milk frother wand",Kitchen Appliances,target
MIX-046,Anker 60W 6-Port Desktop USB Wall Charger PowerPort 6,Anker,29.99,"PowerIQ and VoltageBoost deliver optimized high-speed charging for up to 6 phones tablets simultaneously",Accessories,amazon
MIX-047,Anker PowerPort 6 60W Multi Port USB Charging Station,Anker,27.50,"Universal 6-port desktop USB hub charger with multi-protect safety system and detachable 5ft power cable",Accessories,flipkart
MIX-048,SanDisk 1TB Extreme Portable SSD - Up to 1050MB/s USB-C (SDSSDE61-1T00-G25),SanDisk,109.99,"NVMe solid state performance with 1050MB/s read speeds IP55 water dust resistance and carabiner loop",Storage,amazon
MIX-049,SanDisk Extreme 1TB External Portable Solid State Drive Type C,SanDisk,99.99,"Rugged USB 3.2 Gen 2 portable SSD with 2-meter drop protection hardware encryption and durable rubber shell",Storage,flipkart
MIX-050,SanDisk Extreme Portable SSD 1TB - USB 3.2 Gen 2 Type-C with Protective Pouch,SanDisk,115.00,"1TB SanDisk Extreme external solid state storage drive bundled with neoprene carrying travel pouch",Storage,ebay
