product_id,title,description,brand,price,category,source
AMZ-101,Apple AirPods Pro (2nd Generation) Wireless Earbuds with USB-C Charging,Active Noise Cancelling transparency mode spatial audio MagSafe charging case,Apple,249.00,Electronics,AMAZON
FLP-201,APPLE AirPods Pro Gen 2 with MagSafe Case (USB-C) Bluetooth Headset,Active Noise Cancellation IP54 dust and water resistance touch control H2 chip,Apple Inc.,229.99,Electronics,FLIPKART
WMT-301,Apple AirPods Pro 2nd Gen Earphones with MagSafe USB-C Case,Adaptive Audio Personalized Spatial Audio Dynamic Head Tracking,Apple,239.00,Electronics,WALMART
AMZ-102,Sony WH-1000XM5 Wireless Industry Leading Noise Canceling Headphones Black,Auto NC Optimizer crystal clear hands-free calling 30-hour battery life,Sony,398.00,Audio,AMAZON
FLP-202,SONY WH-1000XM5 Bluetooth Headset Black with Mic,Over the head active noise cancellation 30 hrs battery quick charge,Sony Corp,379.99,Audio,FLIPKART
WMT-302,Sony WH-1000XM5 Premium Noise Canceling Wireless Over-Ear Headphones,Industry leading noise cancellation with two processors and 8 microphones,Sony,388.00,Audio,WALMART
AMZ-103,Samsung Galaxy S23 Ultra 5G (Phantom Black 256GB 8GB RAM),200MP Camera Nightography Snapdragon 8 Gen 2 S Pen Included,Samsung,1199.99,Smartphones,AMAZON
FLP-203,SAMSUNG Galaxy S23 Ultra (Phantom Black 256 GB) (8 GB RAM),Dynamic AMOLED 2X display Snapdragon 8 Gen 2 processor 5000 mAh battery,Samsung,1149.00,Smartphones,FLIPKART
AMZ-104,Logitech MX Master 3S Wireless Performance Mouse Graphite,Quiet clicks 8K DPI any-surface tracking MagSpeed scrolling USB-C,Logitech,99.99,Accessories,AMAZON
FLP-204,LOGITECH MX Master 3S Bluetooth Laser Mouse,Ergonomic design fast speed wheel 70 days battery life,Logitech,94.99,Accessories,FLIPKART
AMZ-105,Dell XPS 15 9530 Laptop 15.6 inch OLED FHD Intel Core i7 13700H 16GB RAM 512GB SSD,NVIDIA GeForce RTX 4050 Windows 11 Home Platinum Silver,Dell,1899.00,Computers,AMAZON
WMT-305,Dell XPS 15 9530 15.6" Full HD+ Laptop Intel i7-13700H 16GB Memory 512GB SSD,Intel 13th Gen Core i7 RTX 4050 graphics CNC machined aluminum,Dell Inc,1849.00,Computers,WALMART
